[
  {
    "id": 1,
    "category": 1,
    "postDate": "2023-05-14",
    "featureImage": "https://dummyimage.com/200x200/000/fff",
    "price": 9.99,
    "title": "Lawnmower",
    "body": "Lorem ipsum dolor sit amet, consectetur adipiscing elit. Cras convallis fringilla sem efficitur congue. Vestibulum efficitur blandit ultricies. Sed tempus mollis orci id facilisis. Aliquam placerat, ipsum eget egestas malesuada, neque nunc scelerisque felis, ut egestas turpis augue ut nisi. Curabitur vel convallis augue.",
    "published": true
  },
  {
    "id": 2,
    "category": 1,
    "postDate": "2023-05-15",
    "featureImage": "https://dummyimage.com/200x200/000/fff",
    "price": 19.99,
    "title": "Weber BBQ",
    "body": "Lorem ipsum dolor sit amet, consectetur adipiscing elit. Cras convallis fringilla sem efficitur congue. Vestibulum efficitur blandit ultricies. Sed tempus mollis orci id facilisis. Aliquam placerat, ipsum eget egestas malesuada, neque nunc scelerisque felis, ut egestas turpis augue ut nisi. Curabitur vel convallis augue.",
    "published": true
  },
  {
    "id": 3,
    "category": 2,
    "postDate": "2023-05-16",
    "featureImage": "https://dummyimage.com/200x200/000/fff",
    "price": 439.99,
    "title": "PS5",
    "body": "Lorem ipsum dolor sit amet, consectetur adipiscing elit. Cras convallis fringilla sem efficitur congue. Vestibulum efficitur blandit ultricies. Sed tempus mollis orci id facilisis. Aliquam placerat, ipsum eget egestas malesuada, neque nunc scelerisque felis, ut egestas turpis augue ut nisi. Curabitur vel convallis augue.",
    "published": true
  },
  {
    "id": 4,
    "category": 2,
    "postDate": "2023-05-17",
    "featureImage": "https://dummyimage.com/200x200/000/fff",
    "price": 459.99,
    "title": "XBOX",
    "body": "Lorem ipsum dolor sit amet, consectetur adipiscing elit. Cras convallis fringilla sem efficitur congue. Vestibulum efficitur blandit ultricies. Sed tempus mollis orci id facilisis. Aliquam placerat, ipsum eget egestas malesuada, neque nunc scelerisque felis, ut egestas turpis augue ut nisi. Curabitur vel convallis augue.",
    "published": true
  },
  {
    "id": 5,
    "category": 3,
    "postDate": "2023-05-18",
    "featureImage": "https://dummyimage.com/200x200/000/fff",
    "price": 39.99,
    "title": "TShirt",
    "body": "Lorem ipsum dolor sit amet, consectetur adipiscing elit. Cras convallis fringilla sem efficitur congue. Vestibulum efficitur blandit ultricies. Sed tempus mollis orci id facilisis. Aliquam placerat, ipsum eget egestas malesuada, neque nunc scelerisque felis, ut egestas turpis augue ut nisi. Curabitur vel convallis augue.",
    "published": true
  },
  {
    "id": 6,
    "category": 3,
    "postDate": "2023-05-19",
    "featureImage": "https://dummyimage.com/200x200/000/fff",
    "price": 29.99,
    "title": "Shorts",
    "body": "Lorem ipsum dolor sit amet, consectetur adipiscing elit. Cras convallis fringilla sem efficitur congue. Vestibulum efficitur blandit ultricies. Sed tempus mollis orci id facilisis. Aliquam placerat, ipsum eget egestas malesuada, neque nunc scelerisque felis, ut egestas turpis augue ut nisi. Curabitur vel convallis augue.",
    "published": true
  },
  {
    "id": 7,
    "category": 4,
    "postDate": "2023-05-20",
    "featureImage": "https://dummyimage.com/200x200/000/fff",
    "price": 19.99,
    "title": "Baseball",
    "body": "Lorem ipsum dolor sit amet, consectetur adipiscing elit. Cras convallis fringilla sem efficitur congue. Vestibulum efficitur blandit ultricies. Sed tempus mollis orci id facilisis. Aliquam placerat, ipsum eget egestas malesuada, neque nunc scelerisque felis, ut egestas turpis augue ut nisi. Curabitur vel convallis augue.",
    "published": true
  },
  {
    "id": 8,
    "category": 4,
    "postDate": "2023-05-21",
    "featureImage": "https://dummyimage.com/200x200/000/fff",
    "price": 99.99,
    "title": "Soccer Ball",
    "body": "Lorem ipsum dolor sit amet, consectetur adipiscing elit. Cras convallis fringilla sem efficitur congue. Vestibulum efficitur blandit ultricies. Sed tempus mollis orci id facilisis. Aliquam placerat, ipsum eget egestas malesuada, neque nunc scelerisque felis, ut egestas turpis augue ut nisi. Curabitur vel convallis augue.",
    "published": true
  },
  {
    "id": 9,
    "category": 5,
    "postDate": "2023-05-16",
    "featureImage": "https://dummyimage.com/200x200/000/fff",
    "price": 99.99,
    "title": "Dog Food",
    "body": "Lorem ipsum dolor sit amet, consectetur adipiscing elit. Cras convallis fringilla sem efficitur congue. Vestibulum efficitur blandit ultricies. Sed tempus mollis orci id facilisis. Aliquam placerat, ipsum eget egestas malesuada, neque nunc scelerisque felis, ut egestas turpis augue ut nisi. Curabitur vel convallis augue.",
    "published": true
  },
  {
    "id": 10,
    "category": 5,
    "postDate": "2023-05-16",
    "featureImage": "https://dummyimage.com/200x200/000/fff",
    "price": 9.99,
    "title": "Fish Food",
    "body": "Lorem ipsum dolor sit amet, consectetur adipiscing elit. Cras convallis fringilla sem efficitur congue. Vestibulum efficitur blandit ultricies. Sed tempus mollis orci id facilisis. Aliquam placerat, ipsum eget egestas malesuada, neque nunc scelerisque felis, ut egestas turpis augue ut nisi. Curabitur vel convallis augue.",
    "published": true
  },
  {
    "id": 11,
    "category": 6,
    "postDate": "2023-05-16",
    "featureImage": "https://dummyimage.com/200x200/000/fff",
    "price": 9.99,
    "title": "Cat Food",
    "body": "Lorem ipsum dolor sit amet, consectetur adipiscing elit. Cras convallis fringilla sem efficitur congue. Vestibulum efficitur blandit ultricies. Sed tempus mollis orci id facilisis. Aliquam placerat, ipsum eget egestas malesuada, neque nunc scelerisque felis, ut egestas turpis augue ut nisi. Curabitur vel convallis augue.",
    "published": true
  },
  {
    "id": 12,
    "category": 6,
    "postDate": "2023-05-16",
    "featureImage": "https://dummyimage.com/200x200/000/fff",
    "price": 9.99,
    "title": "Bird Food",
    "body": "Lorem ipsum dolor sit amet, consectetur adipiscing elit. Cras convallis fringilla sem efficitur congue. Vestibulum efficitur blandit ultricies. Sed tempus mollis orci id facilisis. Aliquam placerat, ipsum eget egestas malesuada, neque nunc scelerisque felis, ut egestas turpis augue ut nisi. Curabitur vel convallis augue.",
    "published": true
  },
  {
    "id": 13,
    "category": 7,
    "postDate": "2023-05-16",
    "featureImage": "https://dummyimage.com/200x200/000/fff",
    "price": 9.99,
    "title": "Cat Litter",
    "body": "Lorem ipsum dolor sit amet, consectetur adipiscing elit. Cras convallis fringilla sem efficitur congue. Vestibulum efficitur blandit ultricies. Sed tempus mollis orci id facilisis. Aliquam placerat, ipsum eget egestas malesuada, neque nunc scelerisque felis, ut egestas turpis augue ut nisi. Curabitur vel convallis augue.",
    "published": true
  },
  {
    "id": 14,
    "category": 7,
    "postDate": "2023-05-16",
    "featureImage": "https://dummyimage.com/200x200/000/fff",
    "price": 9.99,
    "title": "Dog Leash",
    "body": "Lorem ipsum dolor sit amet, consectetur adipiscing elit. Cras convallis fringilla sem efficitur congue. Vestibulum efficitur blandit ultricies. Sed tempus mollis orci id facilisis. Aliquam placerat, ipsum eget egestas malesuada, neque nunc scelerisque felis, ut egestas turpis augue ut nisi. Curabitur vel convallis augue.",
    "published": true
  },
  {
    "id": 15,
    "category": 8,
    "postDate": "2023-05-16",
    "featureImage": "https://dummyimage.com/200x200/000/fff",
    "price": 9.99,
    "title": "Dog Collar",
    "body": "Lorem ipsum dolor sit amet, consectetur adipiscing elit. Cras convallis fringilla sem efficitur congue. Vestibulum efficitur blandit ultricies. Sed tempus mollis orci id facilisis. Aliquam placerat, ipsum eget egestas malesuada, neque nunc scelerisque felis, ut egestas turpis augue ut nisi. Curabitur vel convallis augue.",
    "published": true
  },
  {
    "id": 16,
    "category": 8,
    "postDate": "2023-05-16",
    "featureImage": "https://dummyimage.com/200x200/000/fff",
    "price": 9.99,
    "title": "Cat Collar",
    "body": "Lorem ipsum dolor sit amet, consectetur adipiscing elit. Cras convallis fringilla sem efficitur congue. Vestibulum efficitur blandit ultricies. Sed tempus mollis orci id facilisis. Aliquam placerat, ipsum eget egestas malesuada, neque nunc scelerisque felis, ut egestas turpis augue ut nisi. Curabitur vel convallis augue.",
    "published": true
  },
  {
    "id": 17,
    "category": 9,
    "postDate": "2023-05-16",
    "featureImage": "https://dummyimage.com/200x200/000/fff",
    "price": 9.99,
    "title": "Bird Cage",
    "body": "Lorem ipsum dolor sit amet, consectetur adipiscing elit. Cras convallis fringilla sem efficitur congue. Vestibulum efficitur blandit ultricies. Sed tempus mollis orci id facilisis. Aliquam placerat, ipsum eget egestas malesuada, neque nunc scelerisque felis, ut egestas turpis augue ut nisi. Curabitur vel convallis augue.",
    "published": true
  },
  {
    "id": 18,
    "category": 9,
    "postDate": "2023-05-16",
    "featureImage": "https://dummyimage.com/200x200/000/fff",
    "price": 9.99,
    "title": "Dog Cage",
    "body": "Lorem ipsum dolor sit amet, consectetur adipiscing elit. Cras convallis fringilla sem efficitur congue. Vestibulum efficitur blandit ultricies. Sed tempus mollis orci id facilisis. Aliquam placerat, ipsum eget egestas malesuada, neque nunc scelerisque felis, ut egestas turpis augue ut nisi. Curabitur vel convallis augue.",
    "published": true
  },
  {
    "id": 19,
    "category": 10,
    "postDate": "2023-05-16",
    "featureImage": "https://dummyimage.com/200x200/000/fff",
    "price": 9.99,
    "title": "Cat Cage",
    "body": "Lorem ipsum dolor sit amet, consectetur adipiscing elit. Cras convallis fringilla sem efficitur congue. Vestibulum efficitur blandit ultricies. Sed tempus mollis orci id facilisis. Aliquam placerat, ipsum eget egestas malesuada, neque nunc scelerisque felis, ut egestas turpis augue ut nisi. Curabitur vel convallis augue.",
    "published": true
  },
  {
    "id": 20,
    "category": 10,
    "postDate": "2023-05-16",
    "featureImage": "https://dummyimage.com/200x200/000/fff",
    "price": 9.99,
    "title": "Bird Cage",
    "body": "Lorem ipsum dolor sit amet, consectetur adipiscing elit. Cras convallis fringilla sem efficitur congue. Vestibulum efficitur blandit ultricies.",
    "published": true
  },
  {
    "id": 21,
    "category": 11,
    "postDate": "2023-05-16",
    "featureImage": "https://dummyimage.com/200x200/000/fff",
    "price": 19.99,
    "title": "Dog Toy",
    "body": "Lorem ipsum dolor sit amet, consectetur adipiscing elit. Cras convallis fringilla sem efficitur congue. Vestibulum efficitur blandit.",
    "published": true
  },
  {
    "id": 22,
    "category": 11,
    "postDate": "2023-05-16",
    "featureImage": "https://dummyimage.com/200x200/000/fff",
    "price": 19.99,
    "title": "Cat Toy",
    "body": "Lorem ipsum dolor sit amet, consectetur adipiscing elit. Cras convallis fringilla sem efficitur congue. Vestibulum efficitur blandit.",
    "published": true
  },
  {
    "id": 23,
    "category": 12,
    "postDate": "2023-05-16",
    "featureImage": "https://dummyimage.com/200x200/000/fff",
    "price": 19.99,
    "title": "Bird Toy",
    "body": "Lorem ipsum dolor sit amet, consectetur adipiscing elit. Cras convallis fringilla sem efficitur congue. Vestibulum efficitur blandit.",
    "published": true
  },
  {
    "id": 24,
    "category": 12,
    "postDate": "2023-05-16",
    "featureImage": "https://dummyimage.com/200x200/000/fff",
    "price": 19.99,
    "title": "Dog Bed",
    "body": "Lorem ipsum dolor sit amet, consectetur adipiscing elit. Cras convallis fringilla sem efficitur congue. Vestibulum efficitur.",
    "published": true
  },
  {
    "id": 25,
    "category": 13,
    "postDate": "2023-05-16",
    "featureImage": "https://dummyimage.com/200x200/000/fff",
    "price": 19.99,
    "title": "Cat Bed",
    "body": "Lorem ipsum dolor sit amet, consectetur adipiscing elit. Cras convallis fringilla sem eff",
    "published": true
  },
  {
    "id": 26,
    "category": 13,
    "postDate": "2023-05-16",
    "featureImage": "https://dummyimage.com/200x200/000/fff",
    "price": 19.99,
    "title": "Bird Bed",
    "body": "Lorem ipsum dolor sit amet, consectetur adipiscing elit. Cras convallis fringilla sem eff",
    "published": true
  },
  {
    "id": 27,
    "category": 14,
    "postDate": "2023-05-16",
    "featureImage": "https://dummyimage.com/200x200/000/fff",
    "price": 19.99,
    "title": "Dog Treats",
    "body": "Lorem ipsum dolor sit amet, consectetur adipiscing elit. Cras convallis fringilla sem eff",
    "published": true
  },
  {
    "id": 28,
    "category": 14,
    "postDate": "2023-05-16",
    "featureImage": "https://dummyimage.com/200x200/000/fff",
    "price": 19.99,
    "title": "Cat Treats",
    "body": "Lorem ipsum dolor sit amet, consectetur adipiscing elit. Cras convallis fringilla sem eff",
    "published": true
  },
  {
    "id": 29,
    "category": 15,
    "postDate": "2023-05-16",
    "featureImage": "https://dummyimage.com/200x200/000/fff",
    "title": "Bird Treats",
    "body": "Lorem ipsum dolor sit amet, consectetur adipiscing elit. Cras convallis fringilla sem eff",
    "published": true
  },
  {
    "id": 30,
    "category": 15,
    "postDate": "2023-05-16",
    "featureImage": "https://dummyimage.com/200x200/000/fff",
    "title": "Dog Shampoo",
    "body": "Lorem ipsum dolor sit amet, consectetur adipiscing elit. Cras convallis fringilla sem eff",
    "published": true
  }
]
